{
  "totalDispatches": 100002,
  "runningTime": "00:00:36.0042406",
  "distance": 227450.44287390256,
  "penalty": 0,
  "httpRequests": 120300,
  "missedErrors": 0,
  "overDispatchedErrors": 0
}